Workbook

Sheet Dashboard
A1: DEWAN BENGAWAN - ROADMAP KANBAN DASHBOARD
A3: STATISTIK AGREGAT PER ANGGOTA TIM
A4: Anggota Tim | B4: TO DO | C4: DOING | D4: DONE | E4: VERIFIED | F4: TOTAL TUGAS | G4: % SELESAI
A5: FAJARI | B5: =COUNTA(FAJARI!A7:A89) -> 14 | C5: =COUNTA(FAJARI!B4:B98) -> 0 | D5: =COUNTA(FAJARI!C4:C98) -> 0 | E5: =COUNTA(FAJARI!D4:D98) -> 0 | F5: =SUM(B5:E5) -> 14 | G5: =IF(F5>0, (D5+E5)/F5, 0) -> 0
A6: ALVIN | B6: =COUNTA(ALVIN!A4:A103) -> 15 | C6: =COUNTA(ALVIN!B4:B102) -> 2 | D6: =COUNTA(ALVIN!C4:C102) -> 5 | E6: =COUNTA(ALVIN!D4:D102) -> 0 | F6: =SUM(B6:E6) -> 22 | G6: =IF(F6>0, (D6+E6)/F6, 0) -> 0.22727273
A7: SYUKRI | B7: =COUNTA(SYUKRI!A4:A98) -> 20 | C7: =COUNTA(SYUKRI!B4:B97) -> 0 | D7: =COUNTA(SYUKRI!C4:C97) -> 0 | E7: =COUNTA(SYUKRI!D4:D97) -> 0 | F7: =SUM(B7:E7) -> 20 | G7: =IF(F7>0, (D7+E7)/F7, 0) -> 0
A8: HAMDI | B8: =COUNTA(HAMDI!A9:A98) -> 11 | C8: =COUNTA(HAMDI!B4:B88) -> 0 | D8: =COUNTA(HAMDI!C4:C88) -> 0 | E8: =COUNTA(HAMDI!D4:D88) -> 0 | F8: =SUM(B8:E8) -> 11 | G8: =IF(F8>0, (D8+E8)/F8, 0) -> 0
A9: DOSBING | B9: =COUNTA(DOSBING!A4:A100) -> 7 | C9: =COUNTA(DOSBING!B4:B100) -> 0 | D9: =COUNTA(DOSBING!C4:C100) -> 0 | E9: =COUNTA(DOSBING!D4:D100) -> 0 | F9: =SUM(B9:E9) -> 7 | G9: =IF(F9>0, (D9+E9)/F9, 0) -> 0
A10: TOTAL | B10: =SUM(B5:B9) -> 67 | C10: =SUM(C5:C9) -> 2 | D10: =SUM(D5:D9) -> 5 | E10: =SUM(E5:E9) -> 0 | F10: =SUM(F5:F9) -> 74 | G10: =IF(F10>0, (D10+E10)/F10, 0) -> 0.067567568
A12: CATATAN & ALUR KERJA KANBAN
A13: 1. Setiap anggota tim memiliki sheet Kanban Board sendiri dengan 4 kolom status: - TODO: Tugas yang belum mulai dikerjakan. - DOING: Tugas yang sedang aktif dikerjakan. - DONE: Tugas yang sudah selesai diimplementasikan. - VERIFIED: Tugas yang sudah diuji dan diverifikasi oleh tim/ketua/dosbing. 2. Ringkasan statistik di atas menggunakan live formula Excel dan akan otomatis ter-update. 3. Laporan ini disinkronkan dengan dokumen 'docs/roadmap_baru.md'.

Sheet FAJARI
A1: PERSONAL KANBAN BOARD - FAJARI
A3: TODO | B3: DOING | C3: DONE | D3: VERIFIED
A4: [Legal] [FAJ-06] Audit lisensi aset eksternal (Kenney CC0, SFX/audio) untuk diisikan ke form disclosure Est: Minggu 1-2
A5: [Content] [SYU-09] Rancang diagram alur sistem dan screenshot game (~8 gambar) untuk disisipkan ke proposal Est: Minggu 3-4
A6: [Legal] [FAJ-07] Siapkan dokumen fisik bermaterai 10.000 untuk Surat Pernyataan Keterangan Karya Est: Minggu 3-4
A7: [MarComm] [FAJ-09] Berikan input konsep visual identity (palet warna, font, mood) ke Hamdi Est: Minggu 1-2
A8: [Product] [FAJ-10] Bantu Alvin melakukan playtest internal untuk mendeteksi bug visual/UX sebelum perekaman video Est: Minggu 3-4
A9: [MarComm] [HAM-03] Produksi Video Pengembangan ≤3 menit (storyboard → syuting B-roll tim & gameplay → voice-over → edit & subtitle) Est: Minggu 3-4
A10: [Content] [FAJ-11] Bantu Syukri mereview keselarasan narasi proposal dengan visi produk Est: Minggu 3-4
A11: [MarComm] [HAM-04] Unggah video ke YouTube dengan format penamaan resmi LIDM 2026 Est: Minggu 4
A12: FINAL
A13: [MarComm] [HAM-06] Rancang dan buat 5 model 3D Bespoke Hero Indonesia (Rumah Panggung, Lumbung Padi, Pura Subak, Sengkedan, Pasar Tradisional) di Blender Est: Minggu 5-8
A14: [MarComm] [HAM-09] Produksi Video Karya Akhir 100% fungsional dengan testimoni guru/siswa Est: Minggu 14-16
A15: [MarComm] [HAM-10] Rancang slide presentasi final (PDF, maks 8MB) dengan visual yang memukau Est: Minggu 15-17
... A20: [Validation] [FAJ-18] Bantu Syukri mengawasi siswa selama sesi gameplay dan mengumpulkan berkas pre-post test Est: Minggu 11-13

Sheet ALVIN
A1: PERSONAL KANBAN BOARD - ALVIN
A3: TODO | B3: DOING | C3: DONE | D3: VERIFIED
A4: [Product] [ALV-01] Setup CI/CD ringan menggunakan GitHub Actions untuk verifikasi build Est: Minggu 1-2 | B4: [Product] [ALV-13] Integrasi Budget System ke UI & Sinkronisasi Game Loop penuh — Logika budget dasar sudah aktif di [ZoneController.cs](file:///c:/Users/user/My%20project/Assets/ZoneController/ZoneController.cs#L112-L119) tapi belum terhubung ke HUD | C4: [Product] [ALV-15] Refactor codebase: bersihkan dead code, buat struktur folder konsisten (Standardisasi [VoxelID.cs](file:///c:/Users/user/My%20project/Assets/GameManager/VoxelID.cs))
A5: [Product] [ALV-02] Susun dokumen definitif *MVP scope-lock* sepanjang 1 halaman Est: Minggu 1-2 | B5: [Product] [ALV-14] 4-Cycle Game Loop — State machine dasar ada di [GameManager.cs](file:///c:/Users/user/My%20project/Assets/GameManager/GameManager.cs), transisi otomatis Plan -> Build -> Simulate -> Harvest sedang disinkronisasikan | C5: [Product] [ALV-16] Polish prototipe game untuk video pengembangan — pastikan minimal siklus *plan → simulate → harvest* berjalan lancar (Core loop fixes)
A6: [Product] [ALV-03] Siapkan stress test internal awal (FPS, latensi) untuk klaim performa di proposal Est: Minggu 3-4 | C6: [Product] [ALV-17] Selesaikan bug-fix kritis dan perbaikan UX paling kasar (Off-by-one loops, double coroutines, chunk boundary seams)
A7: [Product - Core] [ALV-04] Buat fungsionalitas 4 kartu kebijakan dasar (2 modern + 2 kearifan lokal) Est: Minggu 7-8 | C7: [Product - Core] [ALV-18] Implementasi 5 zona painting brush dan procgen bangunan ([ZoneController.cs](file:///c:/Users/user/My%20project/Assets/ZoneController/ZoneController.cs) & [CityAutoBuilder.cs](file:///c:/Users/user/My%20project/Assets/CityRendererSystem/CityAutoBuilder.cs))
A8: [Product - Advanced] [ALV-05] Implementasikan sumbu mekanik reputasi × pendidikan publik Est: Minggu 9-10 | C8: [Product - Core] [ALV-19] Implementasi simulasi aliran air Cellular Automata via Job System + Burst compiler ([WaterSimulationSystem.cs](file:///c:/Users/user/My%20project/Assets/WaterSimulation/WaterSimulationSystem.cs) & [WaterSimulationJob.cs](file:///c:/Users/user/My%20project/Assets/WaterSimulation/WaterSimulationJob.cs))
A9: BIKIN MOCKUP UI/UX DAN IMPLEMENTASI
A10: FINAL
A11: [Product] [HAM-12] Integrasikan aset 3D hero buatan sendiri ke dalam project Unity Alvin Est: Minggu 8-9
A12: [Product - Advanced] [ALV-06] Ekspansi deck kebijakan hingga 10-12 kartu fungsional Est: Minggu 9-11
A13: [Product - Advanced] [ALV-07] Buat layar Laporan Akhir game, refleksi tertulis, dan fitur ekspor gambar peta Est: Minggu 11-12
A14: [Product - Iteration] [ALV-08] Lakukan perbaikan game (v2) berdasarkan temuan bug dari Pilot Sekolah A Est: Minggu 12
A15: [Product - Finalization] [ALV-09] Buat build v3 final pasca-pilot Sekolah B Est: Minggu 14
A16: [Product - Finalization] [ALV-10] Lakukan uji coba build pada laptop low-end / laptop kelas pelajar Est: Minggu 14
A17: [Product - Rehearsal] [ALV-11] Siapkan skenario demo interaktif langsung di depan juri Est: Minggu 15-18
A18: [Product] [ALV-12] Dampingi Fajari saat instalasi game di lab komputer sekolah mitra Est: Minggu 9-10

Sheet SYUKRI
A1: PERSONAL KANBAN BOARD - SYUKRI
A3: TODO | B3: DOING | C3: DONE | D3: VERIFIED
A4: [Validation] [SYU-01] Rancang draf awal Rubrik Berpikir Spasial-Kritis (v1) beserta instrumennya Est: Minggu 1-2
A5: [Validation] [SYU-02] Identifikasi 2 dosen geografi/ahli media untuk validasi rubrik Est: Minggu 1-2
A6: [Validation] [SYU-03] Buat draf kerangka pre-post test (v1) Est: Minggu 1-2
A7: [Validation] [SYU-04] Perbarui rubrik ke versi v2 setelah mendapat masukan awal dari validator Est: Minggu 3-4
A8: [Validation] [SYU-13] Susun rencana pembelajaran (RPP) geografi 60 menit terintegrasi Dewan Bengawan Est: Minggu 7-8
A9: [Validation] [SYU-05] Rumuskan 3–5 butir pertanyaan kunci untuk pre-post test geografi Est: Minggu 3-4
A10: [Content] [SYU-06] Konversi draft proposal mentah ke dalam format & suara tim Est: Minggu 1-2
A11: [Content] [SYU-07] List minimal 30+ referensi ilmiah untuk kebutuhan kutipan proposal Est: Minggu 1-2
A12: [Content] [SYU-08] Lengkapi 23 kutipan ilmiah penting (BNPB, CP Geografi Fase F, Feng dkk., Kolb, ADDIE) Est: Minggu 3-4
A13: [Content] [SYU-10] Buat tabel anggaran (sesuai ketentuan LIDM) dan tabel jadwal kegiatan Est: Minggu 3-4
A14: [Validation] [SYU-12] Finalisasi Rubrik Berpikir Spasial-Kritis v3 dengan validasi resmi 2 ahli Est: Minggu 5-6
A15: [Validation] [SYU-14] Cetak handout siswa, lembar refleksi, dan kuesioner SUS (System Usability Scale) Est: Minggu 9-10
... A23: [Content] [SYU-22] Tulis Laporan Akhir LIDM secara utuh & pastikan uji Turnitin ≤25% Est: Minggu 14-18

Sheet HAMDI
A1: PERSONAL KANBAN BOARD - HAMDI
A3: TODO | B3: DOING | C3: DONE | D3: VERIFIED
A4: [Validation] [SYU-13] Bantu syukri Susun rencana pembelajaran (RPP) geografi 60 menit terintegrasi Dewan Bengawan Est: Minggu 7-8
A5: [Ext. Relations] [FAJ-01] Kirim email resmi ke minimal 4 SMA target mitra Est: Minggu 1-2
A6: [Ext. Relations] [FAJ-03] Kunci komitmen dari minimal 2 SMA sebagai lokasi pilot test Est: Minggu 3-4
A7: [Ext. Relations] [FAJ-04] Minta surat dukungan tertulis dari MGMP Geografi atau minimal 1 guru senior Est: Minggu 3-4
A8: [Validation] [FAJ-08] Bantu Syukri merumuskan skenario penugasan instrumen berpikir spasial-kritis Est: Minggu 2-3
A9: [MarComm] [HAM-05] Kelola konten media sosial (BTS, pengenalan anggota tim, dev log proposal) Est: Minggu 3-4
A10: [MarComm] [HAM-07] Buat video log (dev log) internal mingguan berdurasi ~5 menit Est: Minggu 5-12
A11: [MarComm] [HAM-08] Ambil footage video & foto berkualitas tinggi selama pelaksanaan Pilot Test 1 & 2 Est: Minggu 11-13
A12: FINAL
A13: [Ext. Relations] [FAJ-12] Konfirmasi jadwal final pelaksanaan pilot test dengan 2 sekolah mitra Est: Minggu 7-8
A14: [Legal] [FAJ-05] Ajukan pendaftaran HKI Program Komputer Dewan Bengawan ke sentra HKI kampus Est: Minggu 1-2
A15: OPSIONAL
... A19: [Ext. Relations] [FAJ-02] Hubungi sekretariat MGMP Geografi kota/provinsi untuk koordinasi Est: Minggu 1-2

Sheet DOSBING
A1: PERSONAL KANBAN BOARD - DOSBING
A3: TODO | B3: DOING | C3: DONE | D3: VERIFIED
A4: [Legal] [DOS-01] Hubungkan tim dengan sentra HKI kampus untuk mempercepat pendaftaran Est: Minggu 1-2
A5: [Content] [DOS-02] Lakukan review akhir (proofread) proposal secara komprehensif Est: Minggu 4
A6: [Admin] [DOS-03] Tandatangani lembar pengesahan proposal Est: Minggu 4
A7: [Legal/Admin] [DOS-04] Membantu eskalasi pendaftaran HKI lewat birokrasi kampus jika ada hambatan Est: Minggu 8-12
A8: [Content] [DOS-05] Review dan berikan feedback draf artikel ilmiah Sinta 3-4 sebelum dikirim Est: Minggu 12-14
A9: [Content] [DOS-06] Review draf Laporan Akhir LIDM Est: Minggu 15-16
A10: [Presentation] [DOS-07] Menjadi juri simulasi presentasi tim dan memberikan Q&A feedback Est: Minggu 16-18
